id,employeeName,surname,middlename,sex,education,birthDate,specialty,qualification
1,Alanah,Noeldner,Bondy,F,bachelor,1967-3-4,specialty 35,high
2,Cory,Ballow,Rey,M,primary,1973-4-18,specialty 47,normal
3,Shandee,Stagger,Cristobal,M,primary,1966-7-11,specialty 13,high
4,Kaylil,Hibbets,Gerhard,M,bachelor,1978-7-19,specialty 43,small
5,Bathsheba,Gwin,Tadd,M,master,1973-4-5,specialty 25,high
6,Brook,Nisly,Tomlin,F,bachelor,1978-7-24,specialty 24,high
7,Keelia,Hasfjord,Sly,M,phd,1967-5-11,specialty 19,normal
8,Tracie,Faretra,Jephthah,F,bachelor,1971-5-6,specialty 36,small
9,Stephani,Argulewicz,Erroll,M,bachelor,1977-1-26,specialty 39,normal
10,Carley,Bierut,Had,F,master,1977-2-15,specialty 13,normal
11,Nada,Bishopp,Saxe,M,primary,1982-2-28,specialty 41,high
12,Elna,Liberti,Fred,M,bachelor,1995-1-16,specialty 40,small
13,Ivonne,Verhoff,Michale,F,primary,1972-8-5,specialty 47,small
14,Rhody,Horvath,Douglas,F,phd,1987-4-1,specialty 7,normal
15,Verla,Rinck,Hurley,M,primary,1973-2-19,specialty 40,high
16,Esta,Mccamey,Zacherie,F,bachelor,2000-8-18,specialty 45,small
17,Sella,Arcega,Hakeem,M,bachelor,2004-8-10,specialty 46,normal
18,Katherina,Tomczak,Giffard,M,master,1977-5-23,specialty 25,small
19,Diana,Byler,Thatcher,M,phd,1978-3-8,specialty 25,normal
20,Erminie,Macivor,Vachel,F,bachelor,1982-12-27,specialty 3,high
21,Pansie,Nevinger,Stefan,F,master,1999-4-14,specialty 45,normal
22,Evangelin,Buziak,Alric,F,phd,1977-4-7,specialty 21,normal
23,Jillana,Berrong,Bondy,M,primary,1980-10-23,specialty 31,normal
24,Nelle,Emberlin,Elliot,M,phd,1967-2-16,specialty 10,normal
25,Pattie,Pennington,Aaron,F,phd,1982-5-10,specialty 16,small
26,Josephina,Bergem,Vasili,M,bachelor,2003-3-28,specialty 41,small
27,Kariotta,Levingston,Olivier,M,primary,1988-9-16,specialty 20,small
28,Orelee,Scronce,Yancey,F,master,1989-7-22,specialty 14,small
29,Fionna,Thoroughman,Antonino,M,bachelor,1968-7-22,specialty 21,normal
30,Cecilia,Hessey,Arturo,F,bachelor,1996-7-5,specialty 50,high
31,Joycelin,Deist,Shaughn,M,phd,1979-9-28,specialty 29,small
32,Cristi,Mcelveen,Alexandre,F,phd,1993-5-16,specialty 49,normal
33,Adelaide,Ferrao,Freeman,M,bachelor,1970-8-28,specialty 23,high
34,Tomi,Hewgley,Wang,F,phd,1977-7-8,specialty 4,small
35,Nancee,Luck,Tybalt,F,phd,1990-3-27,specialty 48,small
36,Sacha,Vanderberg,Hewitt,M,master,1970-8-2,specialty 9,small
37,Jorry,Crimi,Brent,F,phd,1979-5-11,specialty 22,normal
38,Junina,Goans,Mattheus,F,phd,1986-2-6,specialty 42,high
39,Heath,Hepfer,Bourke,M,master,1982-11-25,specialty 29,normal
40,Elvira,Cerna,Karlis,M,master,1999-8-16,specialty 23,high
41,Mirabella,Hotchkin,Cassie,M,master,2003-6-11,specialty 20,small
42,Barbie,Patella,Bram,M,bachelor,1981-3-18,specialty 20,normal
43,Windy,Coven,Langston,F,master,1969-11-20,specialty 11,high
44,Cybil,Maeweather,Konstantine,M,phd,1994-3-6,specialty 30,small
45,Constantine,Vavricek,Gaspard,F,phd,1977-8-11,specialty 1,normal
46,Liz,Catani,Roma,M,bachelor,1995-5-6,specialty 14,small
47,Carlene,Schonack,Martainn,F,master,1973-2-25,specialty 41,small
48,Jeanie,Locicero,Ashlin,M,primary,1968-6-19,specialty 12,high
49,Bidget,Zecchini,Hashim,F,master,1998-1-10,specialty 26,high
50,Berna,Carone,Ham,M,master,1975-11-2,specialty 23,high
51,Sophie,Woomer,Gunar,F,primary,1985-4-8,specialty 39,normal
52,Leone,Sacchi,Harvey,F,bachelor,1981-12-1,specialty 41,small
53,Gilemette,Wojciak,Lorenzo,M,bachelor,2003-11-22,specialty 7,normal
54,Elbertina,Elstner,Davidson,F,phd,1975-5-15,specialty 45,normal
55,Gayle,Astorino,Nial,F,master,1994-6-23,specialty 42,normal
56,Emmaline,Hatchcock,Hastie,M,primary,1994-9-11,specialty 34,small
57,Pandora,Muta,Baron,F,phd,2000-9-25,specialty 36,high
58,Abbie,Mulverhill,Justen,M,phd,1983-7-9,specialty 6,normal
59,Glenda,Hymer,Hurlee,M,phd,1976-11-16,specialty 15,high
60,Yelena,Dehombre,Rex,F,master,1967-5-9,specialty 45,small
61,Casie,Dorn,Vincenz,F,phd,1967-8-22,specialty 36,high
62,Nananne,Corman,Kalle,F,phd,1984-3-3,specialty 22,normal
63,Demetra,Rabeneck,Englebert,F,master,1973-2-5,specialty 17,small
64,Bessy,Doud,Oliviero,M,phd,1967-5-18,specialty 29,high
65,Gwendolin,Bogar,Porty,M,phd,1998-1-2,specialty 3,small
66,Emilee,Madlock,Drugi,M,phd,2000-2-3,specialty 5,high
67,Corabelle,Saggese,Giulio,F,master,1972-6-27,specialty 40,high
68,Devinne,Hardridge,Tanner,F,bachelor,1995-11-8,specialty 37,small
69,Alyse,Olguin,Pedro,F,bachelor,2004-4-5,specialty 4,normal
70,Dagmar,Blaho,Lorens,M,phd,2002-6-3,specialty 49,normal
71,Phylis,Vanderbeek,Kingston,F,phd,1997-6-4,specialty 25,small
72,Atalanta,Eisenstein,Gene,M,bachelor,1980-2-16,specialty 9,small
73,Emmalee,Kwaterski,Taite,M,master,1966-5-22,specialty 18,normal
74,Louisa,Holoway,Sigismond,F,bachelor,1985-4-3,specialty 45,small
75,Melli,Abdella,Field,F,bachelor,1980-9-15,specialty 46,high
76,Annis,Salb,Eugen,F,master,2003-5-9,specialty 23,small
77,Minnnie,Whyman,Marmaduke,M,bachelor,1993-10-11,specialty 5,small
78,Josephina,Mouldin,Giffie,F,primary,1990-1-23,specialty 41,high
79,Britt,Skapura,Man,F,bachelor,1991-7-23,specialty 31,normal
80,Karly,Wedell,Bevon,M,bachelor,2004-2-7,specialty 25,high
81,Mimi,Borgelt,Kelwin,F,master,1999-3-22,specialty 7,small
82,Gerrie,Konefal,Waring,F,phd,1968-9-9,specialty 17,high
83,Alice,Marseille,Lyle,M,master,1990-9-17,specialty 47,high
84,Lian,Louria,Corny,F,primary,1992-11-28,specialty 50,high
85,Mona,Sumption,Reece,M,master,1977-8-3,specialty 30,high
86,Norrie,Ulvan,Freedman,F,bachelor,1981-9-14,specialty 7,high
87,Kassia,Noriega,Skye,M,phd,1965-1-12,specialty 32,high
88,Jocelyne,Mcaleese,Jeremias,M,master,1971-4-22,specialty 16,high
89,Lucienne,Maxin,Tabor,M,master,1986-5-13,specialty 10,normal
90,Reina,Rotman,Bryan,F,phd,1977-4-12,specialty 46,normal
91,Zelma,Brumaghim,Emilio,F,master,1999-1-9,specialty 18,high
92,Berni,Sarcinelli,Cobbie,M,master,2001-8-26,specialty 4,normal
93,Ayn,Bernardini,Tiler,M,primary,1987-7-28,specialty 4,small
94,Maddi,Sibilia,Claudio,F,phd,2004-5-25,specialty 19,small
95,Rania,Janning,Buiron,M,master,2003-3-5,specialty 44,small
96,Giana,Newstead,Isak,M,phd,2000-7-28,specialty 18,small
97,Tiffy,Burchard,Gareth,M,phd,1994-11-3,specialty 23,small
98,Johannah,Sweetin,Elton,M,bachelor,1987-7-1,specialty 44,small
99,Vyky,Wartman,Emile,M,phd,1968-9-17,specialty 41,normal
100,Rosalinda,Nowlen,Cletus,M,phd,1976-8-8,specialty 30,high
101,Galina,Wisdom,Benson,F,bachelor,1976-2-20,specialty 25,normal
102,Cordelia,Jakupcak,Colan,F,master,1966-9-9,specialty 23,high
103,Bel,Karhoff,Stanly,M,phd,2004-12-16,specialty 25,normal
104,Randi,Linburg,Marius,M,primary,1999-3-11,specialty 35,small
105,Dorena,Sadowski,Grantley,F,primary,1974-4-26,specialty 25,small
106,Brandice,Hirezi,Derrek,M,phd,1971-7-1,specialty 46,normal
107,Bettine,Majerowski,Bendix,F,primary,1993-3-20,specialty 32,small
108,Amy,Strassell,Cornall,F,bachelor,1997-8-25,specialty 38,small
109,Gustie,Yampolsky,Raddy,M,primary,1966-8-18,specialty 23,normal
110,Grissel,Drum,Waylen,F,primary,2000-5-1,specialty 12,small
111,Wendye,Melley,Thaddus,F,primary,1968-6-14,specialty 19,normal
112,Cordie,Loosle,Vanya,F,master,2001-1-14,specialty 41,small
113,Abbie,Reola,Esteban,F,phd,1995-12-24,specialty 42,normal
114,Celle,Ranft,Dick,M,bachelor,2000-4-21,specialty 25,normal
115,Camille,Cainion,Tomas,F,phd,1967-3-11,specialty 30,normal
116,Hyacintha,Brutsch,Carmine,F,bachelor,1974-1-9,specialty 42,normal
117,Monica,Librizzi,Alberik,F,primary,1985-2-16,specialty 40,normal
118,Rosabella,Yelle,Fairlie,M,primary,1972-12-7,specialty 35,high
119,Amelie,Pierpoint,Johnathon,F,primary,1977-4-15,specialty 1,normal
120,Pris,Lowenstein,Nat,M,bachelor,1965-7-5,specialty 1,small
121,Codee,Kube,Giacomo,M,bachelor,1986-8-11,specialty 50,normal
122,Rona,Kolesnik,Clevey,F,master,1997-6-3,specialty 38,normal
123,Manon,Lowell,Alexandr,M,master,2003-12-16,specialty 31,small
124,Harli,Morrisey,Ansell,F,primary,1980-6-21,specialty 24,high
125,Crin,Karmo,Teodoor,M,master,1995-7-11,specialty 17,normal
126,Bellina,Ames,Zebedee,M,bachelor,1965-8-8,specialty 7,high
127,Micaela,Kelsheimer,Brewster,M,bachelor,1996-7-19,specialty 15,normal
128,Kathie,Venzon,Ario,F,phd,1968-7-1,specialty 43,small
129,Joana,Abdulmateen,Burt,M,bachelor,1977-1-1,specialty 19,small
130,Veradis,Krigbaum,Gabriele,M,primary,1976-8-27,specialty 28,high
131,Corrianne,Papageorge,Jarret,F,primary,1973-4-12,specialty 3,high
132,Almeria,Languirand,Odie,F,phd,1965-11-10,specialty 37,high
133,Corabelle,Pesce,Boony,M,master,2001-7-21,specialty 4,high
134,Siouxie,Mathena,Rick,F,phd,1977-7-11,specialty 21,normal
135,Wilhelmine,Coarsey,Brook,F,phd,1995-12-23,specialty 28,high
136,Tandi,Prochnow,Normy,M,phd,1988-11-8,specialty 27,normal
137,Brietta,Tastet,Payton,M,primary,1975-8-9,specialty 8,normal
138,Reine,Mclyman,Orville,F,master,1984-11-21,specialty 44,high
139,Fifi,Chatcho,Knox,F,master,1969-12-4,specialty 32,high
140,Katha,Kolesar,Freedman,M,bachelor,1992-2-15,specialty 41,normal
141,Aidan,Luangxay,Aland,M,phd,1995-11-22,specialty 26,normal
142,Rhona,Bjorlin,Sayre,M,primary,1969-10-23,specialty 33,normal
143,Clarisse,Talkington,Colet,F,primary,1977-11-18,specialty 11,normal
144,Pet,Stinnett,Brendan,M,primary,1969-12-11,specialty 11,small
145,Ninette,Procsal,Shurwood,M,phd,1991-2-19,specialty 2,normal
146,Irma,Gurka,Yance,M,master,1987-8-4,specialty 13,small
147,Corene,Bank,Thorn,M,phd,1983-6-8,specialty 26,high
148,Adelaida,Condell,Craggy,M,bachelor,1992-2-14,specialty 16,small
149,Alex,Catrambone,Doyle,F,phd,1974-6-9,specialty 28,small
150,Kylila,Walstrum,Abner,M,master,1983-12-15,specialty 12,small
151,Buffy,Kiah,Hew,F,bachelor,1991-4-20,specialty 41,small
152,Oralee,Turber,Carmine,F,bachelor,1977-6-16,specialty 5,normal
153,Louisa,Logoleo,Leupold,M,primary,1974-8-19,specialty 44,normal
154,Felicia,Ermogemous,Stephen,M,master,1988-10-10,specialty 21,normal
155,Raquela,Kierstead,Creight,F,primary,1982-7-25,specialty 31,high
156,Bea,Louchen,Ethan,M,bachelor,2003-8-15,specialty 36,high
157,Ilene,Finer,Baldwin,F,master,2003-7-22,specialty 28,small
158,Alyce,Sobilo,Kimball,M,master,1990-8-10,specialty 27,normal
159,Arleyne,Wissler,Ignacio,M,bachelor,1995-6-24,specialty 46,normal
160,Alie,Delallo,Andrea,M,bachelor,1968-9-28,specialty 3,high
161,Bethanne,Kaucher,Thorpe,M,phd,2004-1-6,specialty 17,high
162,Joela,Smale,Sherwood,M,bachelor,2002-5-28,specialty 7,normal
163,Flossi,Weirick,Rolph,F,master,2002-6-15,specialty 30,normal
164,Mollie,Buzzi,Dimitry,F,master,1986-4-6,specialty 30,high
165,Blaire,Mackellar,Dario,F,master,1997-3-9,specialty 33,small
166,Jenine,Truglia,Paquito,M,master,1993-9-26,specialty 16,small
167,Caresa,Kopera,Isak,F,primary,1997-9-9,specialty 3,small
168,Eddi,Hass,Bob,F,phd,1992-11-5,specialty 33,normal
169,Ingrid,Duca,Hayyim,F,master,1992-4-18,specialty 50,high
170,Abigael,Shary,Hillier,M,master,1999-1-25,specialty 1,high
171,Jocelyn,Prior,Tristan,M,bachelor,1970-11-21,specialty 30,normal
172,Imojean,Nosbisch,Von,F,master,2004-8-8,specialty 37,high
173,Marylou,Tolen,Tabby,M,master,1968-4-10,specialty 17,small
174,Leda,Kopay,Aldrich,M,phd,1974-12-2,specialty 32,small
175,Sondra,Roosevelt,Alano,M,master,1977-9-25,specialty 10,high
176,Pammy,Weavers,Dave,F,phd,1995-7-25,specialty 22,normal
177,Erminie,Cossaboon,Herschel,F,master,1970-5-22,specialty 6,small
178,Ede,Cowser,Dev,M,bachelor,1997-8-21,specialty 24,normal
179,Casandra,Bottalico,Rudd,M,bachelor,1969-5-5,specialty 7,high
180,Evanne,Seabert,Beniamino,F,bachelor,1966-1-3,specialty 23,high
181,Sylvia,Schuff,Whitaker,M,primary,1987-10-27,specialty 47,normal
182,Jenni,Spraker,Alisander,M,master,1967-5-21,specialty 32,small
183,Keriann,Dellbringge,Guthrey,M,primary,1981-3-25,specialty 48,high
184,Ladonna,Abubakr,Ewart,M,master,2001-9-21,specialty 26,normal
185,Wilona,Dilick,Rouvin,M,master,1966-12-12,specialty 41,small
186,Deina,Starzynski,Dougy,M,primary,1979-6-18,specialty 42,high
187,Yolanda,Jonason,Judon,F,master,2000-7-12,specialty 30,high
188,Ermentrude,Limbo,Bron,M,master,1982-3-6,specialty 27,small
189,Libbey,Corle,Martainn,M,master,1981-10-9,specialty 17,high
190,Bekki,Saladin,Trip,M,primary,2003-1-21,specialty 50,normal
191,Rose,Kalb,Adamo,M,master,1990-4-18,specialty 23,high
192,Renate,Mcevoy,Jedidiah,M,bachelor,1986-6-3,specialty 22,high
193,Tonya,Gaffer,Hale,M,master,1994-8-3,specialty 8,normal
194,,Macallister,Tripp,F,bachelor,1969-9-13,specialty 32,small
195,Fionna,Gemma,Zackariah,M,primary,1978-11-28,specialty 41,small
196,Sabina,Mcratt,Yvor,F,bachelor,1970-3-4,specialty 32,high
197,Corenda,Nardella,Bent,M,primary,1975-11-16,specialty 2,small
198,Marcia,Butrick,Dionysus,F,bachelor,2001-7-2,specialty 43,normal
199,Pier,Hare,Morey,F,bachelor,1995-4-19,specialty 50,normal
200,Berthe,Bardon,Hermann,M,bachelor,1996-5-3,specialty 34,small
201,Kikelia,Hanly,Windham,M,master,1986-12-28,specialty 1,normal
202,Karena,Verdiguel,Adam,M,bachelor,2000-10-12,specialty 27,small
203,Dayle,Elzie,Reginald,F,primary,1996-11-8,specialty 28,normal
204,Shanie,Ranke,Guido,F,master,1975-4-10,specialty 27,normal
205,Joane,Ramach,Hugh,F,bachelor,1985-9-12,specialty 30,high
206,Nettle,Mcguffin,Cello,F,phd,1998-9-9,specialty 32,high
207,Joane,Bracewell,Husein,M,bachelor,1988-10-1,specialty 24,normal
208,Jennie,Everly,Paige,F,primary,1967-6-22,specialty 1,high
209,Sharai,Interrante,Sarge,M,bachelor,1988-2-2,specialty 2,normal
210,Aimee,Snaders,Hart,F,primary,1980-7-14,specialty 49,small
211,Adrianna,Karman,Merrick,F,bachelor,1972-10-17,specialty 33,small
212,Leontine,Straley,Brion,F,bachelor,1974-3-6,specialty 15,high
213,Kaia,Stauffer,Mathe,M,primary,1988-3-18,specialty 11,high
214,Kissee,Pearle,Keven,F,phd,1979-9-13,specialty 13,normal
215,Tybie,Destree,Kliment,F,master,1987-3-11,specialty 45,small
216,Rosabel,Roszales,Gus,M,master,1973-1-7,specialty 10,normal
217,Dre,Brunskill,Travis,M,master,1975-9-26,specialty 31,high
218,Emmalynne,Rawhoof,Wendel,M,phd,1966-5-25,specialty 30,small
219,Ferdinande,Wisham,Matty,M,master,1988-1-9,specialty 19,normal
220,Cindi,Beachamp,Reinhold,M,phd,1986-11-7,specialty 30,small
221,Marylee,Estella,Xever,M,master,1987-7-6,specialty 2,small
222,Celisse,Wiggett,Noby,F,primary,1965-8-25,specialty 35,high
223,Bonnibelle,Storino,Wesley,F,master,1980-2-18,specialty 25,small
224,Tanitansy,Kolbo,Eugen,F,master,2004-9-13,specialty 20,normal
225,Cinda,Caoili,Cecilio,F,master,1993-8-22,specialty 12,small
226,Sadie,Pinchock,Rog,F,bachelor,1990-11-20,specialty 19,small
227,Ardine,Ferlenda,Cart,F,master,1990-1-11,specialty 24,small
228,Ruperta,Hemp,Zebulen,M,primary,1972-6-8,specialty 38,high
229,Thomasine,Vandevander,Currie,F,master,1977-6-3,specialty 43,normal
230,Rafaelia,Nurse,Gilburt,F,master,1968-7-8,specialty 31,normal
231,Esta,Chesebro,Gran,F,bachelor,1965-1-19,specialty 43,normal
232,Lyndell,Alonzo,Hercule,M,master,1985-5-7,specialty 8,normal
233,Cacilie,Stites,Morey,M,master,1992-8-26,specialty 16,small
234,Krystalle,Vanhoy,Perry,M,primary,1968-3-10,specialty 31,normal
235,Jayne,Hinckley,Sheffie,F,primary,1973-10-10,specialty 6,small
236,Letizia,Arave,Spence,F,phd,1976-2-26,specialty 47,high
237,Talia,Greenaway,Shaughn,M,bachelor,1997-10-19,specialty 44,small
238,Rhiamon,Savaglio,Kendal,F,bachelor,1972-3-1,specialty 20,normal
239,Hertha,Ofarrell,Perren,F,bachelor,1993-6-6,specialty 32,small
240,Tiffie,Larkey,Derron,M,master,1967-10-11,specialty 47,high
241,Susi,Dressen,Ernie,M,bachelor,2004-1-23,specialty 10,high
242,Sybilla,Zielonka,Thorvald,M,master,1997-11-24,specialty 21,normal
243,Grace,Faerber,Frans,M,phd,2001-6-3,specialty 25,normal
244,Timmie,Toll,Burlie,M,primary,1977-8-8,specialty 9,high
245,Mavis,Brohawn,Boot,M,master,1980-6-27,specialty 9,high
246,Paule,Hilby,Travus,F,master,1997-8-12,specialty 42,normal
247,Inge,Turello,Hector,M,bachelor,1971-10-16,specialty 16,small
248,Esma,Oldow,Bil,M,bachelor,1997-9-13,specialty 6,normal
249,Bibi,Besherse,Clifford,F,phd,1982-9-11,specialty 13,normal
250,Lizbeth,Ballester,Rolando,M,bachelor,1998-4-28,specialty 4,high
251,Marielle,Brewbaker,Tann,M,phd,2000-4-20,specialty 26,small
252,Ranee,Burkins,Jaime,M,master,1972-5-25,specialty 2,high
253,Willa,Shuker,Davey,M,primary,1971-3-16,specialty 6,normal
254,Jodie,Kut,Garvin,M,phd,1986-5-21,specialty 46,small
255,Jenna,Masias,Mace,M,bachelor,1971-2-28,specialty 18,small
256,Romola,Letscher,Darrell,M,bachelor,1994-4-15,specialty 9,high
257,Lurleen,Ritzman,Lowe,F,phd,1992-6-7,specialty 5,normal
258,Zaneta,Chiara,Duffie,F,bachelor,1982-6-2,specialty 47,small
259,Noel,Irwin,Jesus,M,primary,1987-10-4,specialty 21,small
260,Juliet,Kevan,Andrus,M,primary,1966-3-5,specialty 32,small
261,Evey,Thierauf,Oren,F,phd,1994-2-5,specialty 20,high
262,Iris,Hemsley,Shurwood,F,master,1968-5-14,specialty 39,normal
263,Ara,Escudero,Ferris,M,master,1995-12-3,specialty 25,normal
264,Lotta,Tuong,Abdul,M,master,1995-6-10,specialty 46,high
265,Angie,Sprau,Tam,F,bachelor,1997-8-19,specialty 44,small
266,Merilyn,Weng,Arney,M,bachelor,1976-1-6,specialty 15,normal
267,Ricca,Rosh,Asa,M,phd,1999-2-11,specialty 50,normal
268,Risa,Brost,Rickert,F,primary,1966-3-13,specialty 8,normal
269,Denni,Shawcroft,Emlyn,M,primary,2003-8-12,specialty 27,normal
270,Orel,Well,Edouard,F,bachelor,1982-12-8,specialty 19,high
271,Ricca,Levene,Wyatt,F,master,1969-2-20,specialty 44,normal
272,Maye,Jarrar,Geordie,F,phd,1989-9-5,specialty 4,small
273,Luisa,Morua,Nickey,F,master,2003-6-19,specialty 41,small
274,Edi,Slothower,Jorgan,M,phd,1987-12-7,specialty 47,small
275,Karita,Auzston,Beaufort,F,master,1992-5-17,specialty 16,high
276,Barb,Tilmon,Obidiah,M,phd,1990-5-13,specialty 49,high
277,Tallia,Dolfay,Jere,F,phd,1971-8-16,specialty 2,small
278,Daveta,Gust,Upton,F,master,1978-11-7,specialty 41,small
279,Ailina,Fernow,Borg,M,master,1999-7-12,specialty 43,high
280,Twyla,Dreesman,Sampson,M,master,1965-11-23,specialty 6,high
281,Shaine,Liska,Guglielmo,F,master,1998-6-8,specialty 1,normal
282,Angelita,Zolnoske,Abel,F,phd,1974-5-25,specialty 5,normal
283,Viviyan,Rather,Pooh,F,bachelor,1988-11-7,specialty 50,high
284,Naoma,Lory,Freddy,M,master,1998-2-11,specialty 12,normal
285,Dee Dee,Cardwell,Sutherland,M,bachelor,1978-1-18,specialty 9,high
286,Kathie,Griffitts,Abey,F,phd,1967-6-4,specialty 14,small
287,Elaina,Ponting,Jule,M,bachelor,1981-5-12,specialty 31,small
288,Lorita,Porteous,Errol,F,phd,1989-10-4,specialty 18,high
289,Kara-Lynn,Swigert,Zane,F,master,1988-9-7,specialty 26,normal
290,Lora,Troxler,Udale,M,phd,1990-10-13,specialty 8,small
291,Arline,Thursby,Chaunce,F,phd,1966-10-19,specialty 5,normal
292,Claresta,Salsbury,Felice,F,phd,2000-9-3,specialty 21,normal
293,Nicolle,Schied,Antoine,M,bachelor,1990-11-22,specialty 25,small
294,Philomena,Pinkley,Chickie,M,primary,1975-6-7,specialty 19,small
295,Noreen,Castellanoz,Win,F,master,2000-9-3,specialty 43,high
296,Michele,Rothove,Jonas,F,master,1976-6-14,specialty 13,high
297,Susi,Sollenberger,Costa,F,bachelor,1984-6-22,specialty 44,small
298,Maryjo,Kjeldgaard,Bay,M,master,1998-11-16,specialty 47,high
299,Kirstin,Hawksley,Elnar,M,primary,2003-11-25,specialty 30,small
300,Selina,Piccioni,Stevy,M,master,1990-8-1,specialty 45,normal
301,Trina,Jalonen,Correy,M,phd,1974-11-24,specialty 6,high
302,Beverly,Passero,Blayne,M,primary,1994-2-12,specialty 34,high
303,De,Barnacle,Barrett,F,master,1994-1-5,specialty 34,small
304,Oriana,Daignault,Oates,F,phd,1985-8-19,specialty 29,small
305,Phyllis,Muggley,Anders,F,phd,1968-4-21,specialty 47,high
306,Nada,Sobenes,Nelson,M,phd,1972-10-12,specialty 38,high
307,Sarita,Krobath,Preston,F,master,1986-2-22,specialty 3,normal
308,Lorna,Gravette,Torr,M,primary,2000-2-16,specialty 33,normal
309,Helyn,Steiber,Hayward,F,master,1969-9-14,specialty 43,small
310,Virgina,Amo,Clemmie,M,primary,1979-9-13,specialty 40,high
311,Dionis,Melick,Janek,M,phd,1976-9-2,specialty 11,normal
312,Mela,Reyes,Hadrian,F,bachelor,1984-10-21,specialty 48,small
313,Carolan,Plowden,Mead,M,bachelor,1986-6-13,specialty 20,high
314,Fanchette,Daul,Tate,M,phd,1987-9-22,specialty 6,small
315,Kaitlin,Jeudy,Wynn,M,master,2004-2-20,specialty 17,normal
316,Nissy,Budin,Emerson,F,primary,1982-11-18,specialty 43,high
317,Emalia,Cera,Son,F,phd,1974-10-1,specialty 8,high
318,Vittoria,Cracknell,August,M,bachelor,1965-5-20,specialty 10,high
319,Alex,Ringhouse,Baxy,M,master,1968-8-14,specialty 18,normal
320,Livy,Bliese,Courtney,F,primary,1993-1-19,specialty 4,small
321,Adella,Mysinger,Meade,F,phd,1965-5-6,specialty 17,small
322,Millicent,Rooney,Arnie,M,bachelor,1968-1-11,specialty 26,small
323,Maisey,Marinello,Petey,M,phd,1997-6-25,specialty 24,normal
324,Katrine,Brandau,Rodolph,M,phd,1997-4-18,specialty 25,high
325,Stacia,Denard,Farleigh,F,master,1984-12-3,specialty 48,normal
326,Shandy,Italia,Ulick,F,bachelor,1980-9-23,specialty 16,normal
327,Ula,Prechtl,Matthaeus,F,phd,2001-10-27,specialty 11,normal
328,Evelina,Mollenkopf,Delaney,F,bachelor,1965-7-26,specialty 44,normal
329,Minette,Naval,Pebrook,F,phd,1979-7-20,specialty 16,small
330,Denise,Broglio,Obadias,M,bachelor,1995-5-13,specialty 37,small
331,Fannie,Gederman,Leopold,F,master,1992-8-3,specialty 22,normal
332,Morissa,Volpicelli,Al,M,bachelor,1991-10-17,specialty 3,high
333,Krysta,Malaspina,Marlow,M,primary,1981-7-6,specialty 16,small
334,Rory,Duchemin,Moss,M,primary,2001-11-27,specialty 6,normal
335,Talya,Konek,Gus,M,primary,1989-4-17,specialty 45,high
336,Kathye,Cislo,Heinrik,F,primary,1994-5-20,specialty 37,small
337,Agnola,Tucknott,Richmond,M,master,1970-7-26,specialty 4,small
338,Belvia,Tolayo,Ellis,F,bachelor,1981-8-18,specialty 24,high
339,Ammamaria,Zeno,Jayme,M,primary,2001-10-20,specialty 20,high
340,Barbara,Schwertfeger,Neall,M,master,2004-1-20,specialty 25,normal
341,Danita,Villafana,Hermann,M,phd,1998-1-16,specialty 39,normal
342,Keri,Spratlen,Judd,F,bachelor,2000-1-16,specialty 32,normal
343,Anna-Diana,Fioretti,Clemente,F,primary,1987-1-16,specialty 46,small
344,Marissa,Undercoffler,Rhett,M,bachelor,1979-6-14,specialty 34,high
345,Millisent,Slinker,Stearne,F,bachelor,1982-1-12,specialty 45,high
346,Philippa,Serum,Spike,F,phd,1986-4-15,specialty 27,high
347,Adella,Donnely,Richart,F,master,1994-8-22,specialty 14,normal
348,Joela,Sabean,Lucian,M,master,1992-2-28,specialty 29,high
349,Brigit,Guarnieri,Sergeant,M,phd,1971-11-24,specialty 46,normal
350,Christian,Fernstrom,Ellary,F,primary,1978-8-26,specialty 33,high
351,Felipa,Forston,Max,F,bachelor,1988-12-20,specialty 35,normal
352,Concordia,Tastet,Adamo,M,primary,1996-4-14,specialty 36,normal
353,Kira,Norstrand,Hillary,M,master,1969-8-3,specialty 30,normal
354,Jacki,Daniels,Marshal,M,phd,1993-5-15,specialty 43,small
355,Cam,Cothern,Leo,M,master,1981-3-15,specialty 28,high
356,Brynn,Cannell,Bayard,F,primary,2000-5-13,specialty 28,small
357,Dayna,Oatfield,Falito,F,bachelor,1988-7-14,specialty 25,small
358,Klarrisa,Dudleson,Gideon,F,primary,1975-10-24,specialty 7,small
359,Garnet,Bayon,Roscoe,F,phd,1967-1-15,specialty 41,normal
360,Arden,Divalerio,Germaine,F,bachelor,1993-8-11,specialty 21,small
361,Pammi,Rietdorf,Pietro,F,primary,1983-1-11,specialty 16,small
362,Mariele,Shelmon,Andris,F,phd,1998-10-24,specialty 46,high
363,Cherida,Odgers,Enos,M,bachelor,1996-10-1,specialty 20,small
364,Vilhelmina,Crusan,Rikki,M,primary,1999-12-15,specialty 22,high
365,Joanna,Nordstrom,Gary,F,primary,1969-4-11,specialty 21,small
366,Constancy,Lathrum,Ripley,M,phd,1992-5-14,specialty 3,small
367,Gaylene,Italia,Tad,M,master,2000-12-22,specialty 24,high
368,Reiko,Fuehrer,Tab,F,master,1971-7-17,specialty 18,high
369,Mari,Lamer,Desmond,M,bachelor,1988-3-23,specialty 27,small
370,Mindy,Shaffstall,Standford,M,primary,1988-6-24,specialty 13,small
371,Eugenia,Galleher,Shaun,F,bachelor,2003-5-28,specialty 48,small
372,Francesca,Joler,Charles,F,bachelor,1995-3-1,specialty 2,normal
373,Rianon,Kaina,Alano,F,phd,1969-8-2,specialty 47,normal
374,Lynette,Leeks,Kendricks,F,phd,2004-3-11,specialty 26,high
375,Bertha,Passer,Cash,M,bachelor,1973-10-28,specialty 33,small
376,Cindi,Mandry,Hakim,M,bachelor,1979-7-4,specialty 34,normal
377,Goldia,Lucido,Guillaume,M,primary,1982-8-26,specialty 42,normal
378,Kathe,Stroker,Bartolemo,F,phd,1989-6-14,specialty 29,normal
379,Chloette,Eldred,Zach,F,primary,1980-5-4,specialty 1,normal
380,Fred,Novad,Leigh,M,phd,1969-3-11,specialty 14,normal
381,Raine,Fundenberger,Gardner,M,bachelor,1995-7-5,specialty 19,high
382,Deva,Amante,Julie,M,phd,1986-12-13,specialty 47,small
383,Vivi,Platek,Jareb,M,master,1985-6-16,specialty 50,high
384,Barbee,Aykroid,Avigdor,M,bachelor,1994-7-27,specialty 32,normal
385,Karolina,Twito,Zebadiah,M,phd,1990-7-8,specialty 25,small
386,Margi,Mias,Kilian,M,phd,1995-5-14,specialty 9,normal
387,Thekla,Wice,Nichols,M,master,1980-12-8,specialty 3,small
388,Roxanne,Riccio,Waldon,F,bachelor,1989-6-23,specialty 5,small
389,Maddi,Ekin,Stacy,F,master,1986-10-13,specialty 2,high
390,Sharai,Ridpath,Gawain,M,primary,1981-12-15,specialty 19,small
391,Karee,Rosenthal,Norman,M,master,1998-8-23,specialty 47,high
392,Ariadne,Mieszala,Rafi,F,master,2003-7-28,specialty 41,high
393,Ariel,Lopaz,Stillman,F,primary,1975-3-11,specialty 33,small
394,Fara,Vanderstappen,Barrie,M,phd,1979-9-4,specialty 38,normal
395,Philis,Cistrunk,Killie,F,phd,1991-8-1,specialty 9,normal
396,Conny,Stoeckel,Juan,F,phd,1976-12-6,specialty 39,small
397,Madalyn,Growden,Sam,M,master,1981-2-24,specialty 38,normal
398,Kaitlynn,Crespo,Heinrick,M,phd,1968-3-11,specialty 34,normal
399,Liuka,Copstead,Kinnie,M,phd,1991-12-6,specialty 23,small
400,Carley,Dehass,Mikkel,M,primary,2002-3-21,specialty 30,small
401,Ros,Corgiat,Agosto,F,primary,1975-11-4,specialty 37,small
402,Lindsay,Hager,Jaye,M,primary,1996-10-27,specialty 1,normal
403,Dana,Marcelynas,Gerek,M,primary,1975-1-15,specialty 49,high
404,Shana,Absalon,Reagen,F,primary,1988-6-2,specialty 16,normal
405,Lea,Hormander,Vance,M,bachelor,1988-3-5,specialty 34,normal
406,Stephana,Nordhoff,Monro,M,master,1991-7-18,specialty 40,small
407,Shelli,Gerckens,Jack,F,bachelor,1973-3-18,specialty 27,normal
408,Joly,Louras,Rees,F,primary,1966-1-11,specialty 30,high
409,Carlie,Jervis,Rockwell,M,master,1971-3-4,specialty 12,normal
410,Robinia,Tribbett,Hollis,F,primary,1968-5-3,specialty 45,high
411,Amalita,Jepperson,Ansell,F,primary,1974-12-25,specialty 47,normal
412,Abagael,Klaman,Hardy,F,bachelor,1989-1-3,specialty 26,high
413,Marina,Gerckens,Rickert,M,master,1991-11-13,specialty 8,normal
414,Anette,Eberline,John,M,primary,1971-3-18,specialty 22,small
415,Tersina,Ochinang,Maurizio,M,primary,1981-6-10,specialty 13,high
416,Julieta,Delgato,Homer,M,bachelor,1978-1-24,specialty 18,high
417,Thalia,Keim,Panchito,F,phd,1993-5-8,specialty 37,small
418,Crista,Windler,Ole,M,bachelor,1970-5-4,specialty 24,small
419,Jada,Rivadulla,Feliks,M,phd,1992-12-27,specialty 44,normal
420,Suzann,Mcwade,Hadrian,M,master,1985-8-11,specialty 49,normal
421,Shayna,Bergsten,Frederico,M,master,1984-2-10,specialty 13,normal
422,Helyn,Morales,Valdemar,F,master,2003-4-25,specialty 47,high
423,Venus,Gaudet,Taddeusz,F,bachelor,1965-7-15,specialty 3,small
424,Fleurette,Thierman,Nickola,F,primary,1999-5-16,specialty 9,small
425,Goldie,Rambousek,Amby,M,master,1975-6-22,specialty 31,small
426,Aleen,Bernhart,Jamal,F,master,1965-10-3,specialty 5,small
427,Lurleen,Hugel,Xavier,M,master,1969-6-15,specialty 26,small
428,Paola,Millraney,Bertram,M,primary,2002-10-6,specialty 9,small
429,Rachael,Bromley,Willdon,M,phd,1980-8-13,specialty 22,small
430,Nanice,Heuck,Colver,M,primary,1982-1-6,specialty 49,small
431,Malory,Dung,Sammie,F,primary,2003-1-25,specialty 31,high
432,Kaitlynn,Lefevre,Philbert,F,phd,1996-3-25,specialty 16,high
433,Noami,Otuafi,Dur,M,primary,1991-2-4,specialty 14,high
434,Barbette,Lambuth,Obediah,M,phd,1972-11-15,specialty 38,normal
435,Concettina,Kapphahn,Drake,F,phd,2003-7-12,specialty 38,normal
436,Idette,Kukahiko,Yul,F,master,1983-11-12,specialty 1,small
437,Bethany,Gitlewski,Ryley,F,primary,1968-5-28,specialty 43,high
438,Analise,Wentcell,Romain,M,primary,1975-12-12,specialty 6,small
439,Melamie,Adamczak,Xavier,M,master,1977-6-14,specialty 38,high
440,Edeline,Tucholski,Link,F,master,1974-1-17,specialty 28,high
441,Sharyl,Pusser,Kennett,M,bachelor,2000-8-2,specialty 26,high
442,Julissa,Melkonian,Huntley,F,master,1992-7-17,specialty 18,small
443,Yolande,Kalchthaler,Sumner,F,master,1977-9-26,specialty 43,high
444,Fae,Florens,Graham,M,master,1975-12-20,specialty 19,small
445,Winnifred,Herscher,Keenan,F,master,1999-9-28,specialty 3,high
446,Avril,Wibbens,Llywellyn,M,bachelor,1984-12-20,specialty 26,normal
447,Pam,Clermont,Westbrooke,F,master,1970-6-11,specialty 50,small
448,Linda,Biringer,Ashley,F,bachelor,1974-8-26,specialty 46,small
449,Phyllis,Gentis,Aldous,M,bachelor,2004-2-27,specialty 3,normal
450,Florrie,Aldridge,Jessie,M,primary,1977-7-22,specialty 1,normal
451,Rey,Hektner,Geoff,M,bachelor,1981-11-9,specialty 19,normal
452,Kora,Montejo,Cesare,F,phd,1986-11-13,specialty 41,normal
453,Constantia,Awtrey,Fons,M,phd,1975-10-14,specialty 26,high
454,Trista,Stegmann,Hill,M,master,1968-10-1,specialty 36,high
455,Genvieve,Kuciemba,Maurie,F,master,1995-4-17,specialty 44,high
456,Noelani,Wedman,Gil,M,phd,1976-1-19,specialty 28,high
457,Rici,Fesus,Harlen,M,master,1984-11-9,specialty 48,high
458,Hally,Cazeault,Les,M,master,2004-10-10,specialty 26,high
459,Audry,Holtzclaw,Pebrook,M,phd,1970-7-26,specialty 36,normal
460,Whitney,Palo,Lawton,M,phd,1995-10-26,specialty 8,normal
461,Nikkie,Riehl,Moore,M,master,2002-4-24,specialty 31,normal
462,Julee,Withee,Raddy,M,primary,1985-2-27,specialty 38,high
463,Shawn,Loessberg,Alix,F,bachelor,1978-3-23,specialty 22,small
464,Ariela,Robichau,Cornie,M,bachelor,1991-8-28,specialty 38,high
465,Terrye,Long,Buck,M,bachelor,1984-12-25,specialty 21,small
466,Dorine,Talbert,Palm,F,phd,1993-12-26,specialty 25,small
467,Ashlee,Orser,Iggy,F,bachelor,1993-1-23,specialty 19,normal
468,Livia,Rashid,Tulley,M,primary,1990-12-18,specialty 40,small
469,Rey,Chalfant,Barnaby,M,phd,1999-11-8,specialty 16,small
470,Ruth,Makinson,Kim,F,master,1988-2-18,specialty 27,small
471,Glad,Marian,Zolly,M,primary,1976-9-2,specialty 39,high
472,Shea,Beechner,Stacee,F,phd,1996-1-10,specialty 46,small
473,Teressa,Quiver,Wheeler,M,phd,2001-3-1,specialty 5,high
474,Dollie,Rosewell,Garey,M,primary,1990-1-26,specialty 41,high
475,Emlyn,Stemper,Dugald,F,phd,1982-3-8,specialty 31,high
476,Wenona,Conner,Alfons,M,primary,1985-9-15,specialty 10,normal
477,Evaleen,Feister,Stanly,M,primary,1989-4-18,specialty 37,normal
478,Aime,Beirise,Corbie,F,bachelor,1965-3-18,specialty 21,normal
479,Ranee,Bente,Howey,F,phd,1978-2-9,specialty 21,small
480,Herta,Mcquaig,Thorn,M,master,1975-5-24,specialty 11,high
481,Dari,Sahler,Giff,M,phd,1996-5-18,specialty 36,high
482,Gloriane,Molton,Paulo,M,bachelor,1988-6-18,specialty 47,small
483,Robinetta,Turbes,Craig,M,master,1991-11-28,specialty 23,small
484,Jacki,Stinser,Seumas,M,master,1979-5-11,specialty 37,normal
485,Cecelia,Oehler,Madison,M,phd,1984-5-12,specialty 42,normal
486,Stacey,Bargo,Abbey,M,primary,1987-3-3,specialty 27,small
487,Rebe,Robertos,Amby,M,master,1974-10-5,specialty 41,high
488,Darby,Nickey,Austin,M,phd,2002-2-17,specialty 7,high
489,Myrlene,Dubberly,Kaiser,F,primary,1967-8-12,specialty 18,normal
490,Tine,Bertalan,Delmer,F,phd,1988-12-24,specialty 30,small
491,Martelle,Acord,Elliot,M,bachelor,1995-11-3,specialty 30,normal
492,Kristy,Kowalik,Richmound,M,master,1987-12-16,specialty 40,normal
493,Annmaria,Rogriguez,Nicko,F,master,1998-3-26,specialty 35,normal
494,Rebbecca,Guys,Page,F,bachelor,1999-2-6,specialty 14,small
495,Dacie,Bibbins,Jecho,F,master,1980-12-3,specialty 8,normal
496,Leola,Vento,Chaunce,M,bachelor,1988-1-2,specialty 16,high
497,Hedwiga,Olnes,Tyrone,F,bachelor,1965-9-8,specialty 36,normal
498,Renae,Parkey,Malachi,M,bachelor,1978-12-18,specialty 7,high
499,Lora,Bertoncini,Arlan,F,bachelor,1988-1-18,specialty 41,normal
500,Dalenna,Sandage,Brodie,M,phd,1998-3-5,specialty 37,normal
501,Shalne,Sollars,Dilly,F,bachelor,1987-2-11,specialty 13,small
502,Melisse,Lucik,Ev,M,bachelor,1979-3-2,specialty 22,small
503,Aigneis,Waldram,Kristian,F,master,1999-3-12,specialty 14,high
504,Yetty,Heverly,Miltie,M,master,1975-8-18,specialty 49,high
505,Charlene,Mackinder,Waverley,F,master,1970-10-17,specialty 16,high
506,Janie,Mayerle,Trent,M,bachelor,1972-12-13,specialty 35,high
507,Flora,Koopmans,Collin,F,master,1965-9-18,specialty 31,high
508,Gwennie,Prada,Rocky,F,phd,2004-2-5,specialty 48,high
509,Pandora,Menghini,Alphard,M,phd,2000-8-27,specialty 4,normal
510,Candice,Lehto,Doyle,M,master,2000-5-15,specialty 28,small
511,Charla,Igoe,Trenton,M,phd,1989-9-18,specialty 42,normal
512,Noreen,Macri,Joachim,F,phd,1986-9-13,specialty 13,normal
513,Cecily,Alleva,Alexandre,M,bachelor,1976-11-4,specialty 26,small
514,Evangelina,Marhoefer,Ax,M,phd,1977-3-15,specialty 39,high
515,Ethelda,Yurovic,Wright,F,phd,1982-5-10,specialty 22,normal
516,Joni,Ellingboe,Sheff,F,bachelor,1997-5-15,specialty 19,small
517,Harriott,Pfoutz,Sayers,F,master,1994-10-15,specialty 32,normal
518,Freddie,Dudenbostel,Borg,M,master,1994-7-13,specialty 32,normal
519,Jacinta,Halling,Troy,M,phd,1982-1-10,specialty 19,small
520,Ginny,Croak,Jocko,F,master,1969-9-23,specialty 48,small
521,Honoria,Pecue,Hy,F,bachelor,1985-1-21,specialty 18,normal
522,Colene,Bigda,Wylie,F,phd,2002-12-25,specialty 23,normal
523,Dodi,Baquiran,Craggie,M,bachelor,1976-8-2,specialty 4,normal
524,Linea,Guarnieri,Wylie,F,primary,1994-11-22,specialty 39,normal
525,Jessamine,Smoak,Odie,M,master,1965-5-25,specialty 49,high
526,Dotti,Polson,Laurie,F,phd,1986-6-7,specialty 29,high
527,Lorita,Grounds,Lothario,F,bachelor,1966-11-5,specialty 25,small
528,Eugenie,Hobell,Lorens,F,master,1966-4-7,specialty 37,high
529,Sigrid,Sortino,Isidoro,F,primary,1965-2-12,specialty 23,normal
530,Doralia,Giannell,Moshe,M,phd,1982-12-6,specialty 47,high
531,Tamra,Bjorgen,Emlyn,F,phd,1978-7-21,specialty 33,normal
532,Meagan,Niblett,Robert,F,bachelor,1994-12-18,specialty 27,small
533,Estell,Massay,Rodolph,M,bachelor,1986-1-23,specialty 1,normal
534,Ann-Marie,Kyung,Benson,F,primary,1981-5-12,specialty 26,high
535,Camila,Laursen,Claiborne,M,master,1996-10-20,specialty 25,small
536,Ernestine,Accomando,Mandel,M,bachelor,1980-4-17,specialty 24,small
537,Tansy,Olsson,Vassily,M,phd,1983-7-12,specialty 2,small
538,Freddi,Pama,Winifield,F,primary,1969-8-23,specialty 45,high
539,Millicent,Hartung,Itch,M,bachelor,1992-2-7,specialty 5,small
540,Nalani,Broumley,Mohammed,M,primary,1993-1-13,specialty 23,normal
541,Kassia,Monz,Jed,M,bachelor,1989-5-11,specialty 29,small
542,Blinnie,Lezer,Hugibert,F,bachelor,2001-7-18,specialty 7,normal
543,Vallie,Rigerman,Ramsay,M,bachelor,1969-1-2,specialty 29,normal
544,Olivie,Seiffert,Daven,M,bachelor,1976-2-25,specialty 48,high
545,Kalindi,Vicente,Westleigh,M,phd,1990-5-12,specialty 21,small
546,Moina,Pioche,Jody,M,bachelor,1991-5-1,specialty 41,high
547,Viviene,Stohl,Willi,F,primary,1990-5-23,specialty 14,high
548,Roxana,Landsaw,Say,F,phd,1982-7-14,specialty 6,high
549,Dorris,Budzinski,Simeon,F,phd,2002-7-17,specialty 50,normal
550,Silvana,Cutchins,Ulberto,M,phd,1988-8-16,specialty 14,small
551,Amber,Almeida,Lazar,M,bachelor,2002-5-10,specialty 7,high
552,Rea,Mclemore,Wilbur,F,phd,1968-5-27,specialty 27,small
553,Greer,Mcgauley,Mackenzie,M,bachelor,1996-5-24,specialty 27,small
554,Elke,Luelf,Bordy,M,bachelor,1971-9-28,specialty 15,normal
555,Beverie,Trible,Ellsworth,F,master,1969-6-25,specialty 44,normal
556,Chere,Gatch,Garth,F,primary,1965-4-2,specialty 14,small
557,Korrie,Teems,Arley,F,primary,1981-1-12,specialty 18,small
558,Annadiane,Sobe,Shaun,F,bachelor,1996-5-14,specialty 22,small
559,Aindrea,Alsbrooks,Bordie,M,phd,1979-6-5,specialty 20,high
560,Monika,Calcutt,Nichole,F,bachelor,1981-5-16,specialty 5,high
561,Meridith,Ronayne,Mort,F,master,2003-9-25,specialty 40,high
562,Heida,Blanquart,Calv,M,bachelor,1972-7-8,specialty 1,small
563,Lynnette,Aubert,Mar,M,bachelor,1978-1-19,specialty 16,normal
564,Roselle,Depottey,Gale,F,master,1987-3-19,specialty 9,normal
565,Paloma,Northrup,Smith,M,master,1977-7-8,specialty 22,high
566,Kalie,Weedman,Shayne,F,bachelor,1987-6-19,specialty 38,normal
567,Lotta,Prueter,Stefan,F,bachelor,1984-2-3,specialty 50,high
568,Avril,Farnell,Boris,M,bachelor,1985-6-13,specialty 15,small
569,Hildegaard,Mcglawn,Yank,M,bachelor,2000-1-14,specialty 28,high
570,Britney,Caravella,Syd,M,phd,1990-2-27,specialty 14,high
571,Beatrix,Pinney,Timmy,M,primary,1969-7-28,specialty 49,small
572,Sharyl,Zener,Karlan,M,primary,2004-4-3,specialty 15,small
573,Janel,Mostella,Pyotr,M,bachelor,1984-8-26,specialty 43,high
574,May,Petchulis,Vittorio,M,bachelor,1991-4-22,specialty 12,high
575,Anselma,Dewaard,Ryley,M,phd,1965-8-9,specialty 38,high
576,Leora,Reali,Romain,F,master,1971-10-14,specialty 48,normal
577,Suzy,Reedholm,Waylen,M,phd,1986-1-14,specialty 43,small
578,Cathryn,Tunks,Algernon,M,phd,1968-12-23,specialty 47,high
579,Kelcey,Manges,Cullen,F,phd,1999-11-13,specialty 31,high
580,Aleta,Prakoth,Miltie,M,phd,1999-4-16,specialty 5,high
581,Chere,Hanify,Preston,M,phd,1990-8-9,specialty 37,small
582,Dyane,Njie,Brant,F,master,1976-7-1,specialty 26,normal
583,Larissa,Stellings,Jock,F,bachelor,1975-1-11,specialty 26,normal
584,Daryn,Palenik,Archer,F,master,1992-1-11,specialty 36,normal
585,Mellicent,Wadden,Ethelbert,M,master,1974-2-6,specialty 43,small
586,Carley,Euell,Chev,F,primary,1969-1-19,specialty 14,normal
587,Clarette,Mccalmont,Ulick,M,phd,1992-8-7,specialty 50,normal
588,Magdaia,Heilman,Tait,F,bachelor,2001-5-6,specialty 3,high
589,Cyndia,Deases,Jareb,M,bachelor,1970-11-19,specialty 3,high
590,Corenda,Goodell,Antons,M,master,1988-12-11,specialty 39,normal
591,Avivah,Librandi,Gavan,F,master,1993-6-17,specialty 39,high
592,Gladys,Romulus,Niki,M,master,1995-2-24,specialty 28,high
593,Aubry,Oquinn,Nealy,M,bachelor,1997-5-21,specialty 33,high
594,Gerrie,Chrisco,Gordon,F,bachelor,2003-4-23,specialty 22,normal
595,Vickie,Graffeo,Stevie,M,master,1974-6-28,specialty 37,normal
596,Gilbertine,Robards,Jody,M,primary,1984-2-3,specialty 40,high
597,Maxine,Kanode,Gareth,F,phd,1977-8-4,specialty 11,normal
598,Lily,Bellino,Hunter,M,bachelor,1983-7-16,specialty 12,high
599,Meghann,Hagley,Willem,F,phd,1974-6-22,specialty 16,normal
600,Sonia,Combee,Andrew,F,primary,1965-12-9,specialty 28,high
601,Harmonia,Fogus,Clement,F,phd,1974-10-9,specialty 39,normal
602,Alethea,Yonke,Horatio,M,phd,1969-1-18,specialty 13,normal
603,Glynnis,Hampel,Artemas,F,phd,1999-10-21,specialty 1,high
604,Molly,Vansice,Ugo,M,master,2002-11-3,specialty 27,high
605,Tina,Mirr,Obadiah,M,phd,1994-3-19,specialty 49,high
606,Benita,Gey,Hurlee,M,bachelor,1987-12-6,specialty 25,normal
607,Terrye,Aldridge,Peadar,M,phd,1994-4-9,specialty 41,normal
608,Yettie,Schier,Adam,F,bachelor,1965-11-19,specialty 41,small
609,Fawn,Tobeck,Clark,F,primary,1988-11-11,specialty 4,high
610,Christean,Contrerras,Odo,M,phd,2000-7-19,specialty 27,normal
611,Belicia,Menon,Chico,F,bachelor,1997-1-15,specialty 42,small
612,Vikki,Gallichio,Giustino,M,bachelor,1989-7-21,specialty 19,normal
613,Allissa,Hartquist,Doyle,F,phd,1973-4-2,specialty 24,small
614,Jean,Banh,Beau,F,primary,1971-11-23,specialty 23,normal
615,Lelia,Kelsey,Stanislaw,F,phd,1975-10-4,specialty 15,normal
616,Madelene,Rhines,Manuel,M,primary,1970-7-5,specialty 34,normal
617,Nathalia,Rahall,Delmor,F,primary,1990-11-24,specialty 16,normal
618,Adriena,Gillard,Inigo,F,primary,1998-2-28,specialty 13,small
619,Latashia,Piermatteo,Lorenzo,F,master,1970-11-14,specialty 27,high
620,Liuka,Zomora,Tracy,M,master,1965-9-25,specialty 47,normal
621,Anthiathia,Radsek,Claybourne,F,phd,2004-10-13,specialty 6,normal
622,Lynsey,Prospero,Cord,F,primary,1992-2-22,specialty 13,high
623,Henka,Gombos,Mischa,M,master,1994-11-2,specialty 50,small
624,Freida,Pressman,Nicolais,M,master,1997-9-21,specialty 11,small
625,Gerrie,Lovorn,Frasier,M,primary,1975-7-16,specialty 38,high
626,Yvette,Biser,Jessey,M,bachelor,1968-12-27,specialty 27,small
627,Elisha,Ollig,Arthur,M,phd,1986-3-28,specialty 29,high
628,Pearle,Iarossi,Myron,M,phd,2001-3-17,specialty 22,high
629,Anna-Diana,Rickenbacker,Esra,F,primary,1996-7-16,specialty 22,high
630,Revkah,Cristobal,Braden,F,bachelor,1976-9-17,specialty 34,small
631,Codi,Scherrer,Alexandre,F,master,1983-5-4,specialty 34,high
632,Theo,Stacey,Culver,F,primary,1980-3-11,specialty 22,normal
633,Claresta,Connet,Dionysus,M,primary,1977-3-9,specialty 27,small
634,Willabella,Mallach,Waite,F,bachelor,1973-9-3,specialty 25,normal
635,Guinevere,Cutchember,Feodor,F,primary,1975-11-11,specialty 41,small
636,Lorilee,Giachino,Darrick,M,primary,1983-9-20,specialty 38,small
637,Jillayne,Aden,Virgie,M,phd,1968-3-21,specialty 4,normal
638,Suzy,Henne,Monte,M,primary,1996-11-2,specialty 7,small
639,Karil,Loughner,Adlai,M,phd,1994-6-16,specialty 37,high
640,Eustacia,Mendieta,Adriano,F,bachelor,1995-2-3,specialty 24,small
641,Esma,Fehn,Jamal,F,phd,2002-6-10,specialty 7,high
642,Dedie,Elhosni,Burr,F,master,1979-6-13,specialty 15,small
643,Theda,Czelusniak,Neill,M,bachelor,1975-1-21,specialty 30,high
644,Herminia,Keener,Alexandre,F,bachelor,1976-4-15,specialty 23,normal
645,Benedetta,Asken,Vachel,F,bachelor,1989-12-21,specialty 23,normal
646,Kelsey,Koop,Milo,M,master,1989-9-7,specialty 17,small
647,Mozelle,Shortnacy,Patricio,F,phd,2003-2-8,specialty 50,high
648,Moina,Sic,Barnie,M,primary,1992-1-1,specialty 47,normal
649,Glennis,Sohre,Abramo,F,phd,1995-11-20,specialty 48,small
650,Leonore,Sypniewski,Carlo,M,bachelor,1974-1-22,specialty 5,normal
651,Randie,Friel,Pat,F,bachelor,1976-1-6,specialty 43,high
652,Erina,Armes,Burgess,M,bachelor,2002-8-3,specialty 24,small
653,Merrill,Caraker,Ulysses,M,master,1980-8-4,specialty 35,small
654,Catina,Fauset,Jose,F,phd,1985-4-8,specialty 13,normal
655,Verna,Corney,Malvin,F,master,1974-4-21,specialty 11,small
656,Nichol,Febo,Tommy,F,bachelor,1974-8-3,specialty 32,high
657,Lee,Mccullogh,Perkin,M,primary,1988-7-12,specialty 33,small
658,Zaneta,Rendina,Wolfie,M,bachelor,1997-9-22,specialty 7,small
659,Ronda,Purdue,Elroy,M,phd,1991-4-20,specialty 19,small
660,Ranee,Meridieth,Heindrick,F,phd,1998-7-9,specialty 15,high
661,Jori,Athey,Emmerich,F,primary,1967-1-18,specialty 25,normal
662,Cherise,Uleman,Tate,F,bachelor,2000-10-18,specialty 7,small
663,Laetitia,Arant,Noah,F,phd,1984-9-18,specialty 49,normal
664,Ekaterina,Biddix,Tomaso,M,phd,2000-4-2,specialty 45,normal
665,Minta,Bregman,Humfried,M,primary,1969-12-26,specialty 35,normal
666,Kym,Nusbaum,Rusty,M,primary,1981-6-27,specialty 22,small
667,Babbie,Peach,Calv,M,master,1989-1-1,specialty 4,high
668,Maegan,Philpot,Grace,M,bachelor,1966-6-17,specialty 18,normal
669,Betta,Whitaker,Port,M,phd,1975-4-10,specialty 46,small
670,Emlyn,Habeck,Sansone,F,phd,1982-3-3,specialty 42,normal
671,Zenia,Jana,Reagen,F,phd,1999-11-10,specialty 42,high
672,Mechelle,Coenen,Amerigo,M,master,1973-11-6,specialty 15,high
673,Janice,Kosty,Pinchas,M,master,1965-12-25,specialty 33,normal
674,Gabi,Gwirtz,Jabez,M,master,1986-4-15,specialty 32,high
675,Marysa,Winebaugh,Cassie,M,primary,2004-11-16,specialty 12,high
676,Karrah,Rucki,Rossy,M,phd,1984-12-18,specialty 17,normal
677,Guendolen,Etchells,Alessandro,M,phd,1985-12-8,specialty 43,high
678,Cele,Kuhner,Freedman,F,bachelor,1989-4-11,specialty 17,normal
679,Nanci,Sauerwein,Thorvald,F,primary,1973-8-19,specialty 19,high
680,Basia,Tarwater,Charles,M,primary,1973-10-7,specialty 49,small
681,Tobi,Buchberger,Hersh,F,master,1970-1-12,specialty 8,normal
682,Inez,Besanson,Arvin,M,master,1979-4-10,specialty 34,high
683,Dominique,Tafelski,Felike,M,primary,1998-10-28,specialty 27,high
684,Rosamond,Taki,Jodie,F,bachelor,1979-6-28,specialty 1,high
685,Stephannie,Owen,Yuma,F,bachelor,1976-2-20,specialty 38,small
686,Milka,Haeussler,Jabez,F,primary,1987-10-17,specialty 15,normal
687,Charita,Conda,Bradford,M,bachelor,1989-7-26,specialty 3,normal
688,Eirena,Haukaas,Domingo,F,primary,1990-7-17,specialty 29,high
689,Alejandra,Simoni,Ivor,M,bachelor,1985-4-18,specialty 36,high
690,Marj,Marcou,Traver,F,primary,1978-5-7,specialty 5,high
691,Tessy,Walbrecht,Friedrich,F,phd,1970-5-28,specialty 10,small
692,Leodora,Koenig,Nevil,F,phd,1989-10-19,specialty 43,high
693,Donnie,Burkley,Arthur,F,phd,2002-9-25,specialty 35,normal
694,Michaeline,Bankos,Paxton,F,phd,1985-7-26,specialty 18,high
695,Lynnette,Gobel,Mac,M,primary,1981-1-5,specialty 19,high
696,Dasi,Finseth,Rossie,M,bachelor,1984-11-23,specialty 44,small
697,Trula,Gerthung,Berty,F,primary,1971-2-24,specialty 28,high
698,Jocelyne,Reef,Wald,M,primary,1968-6-4,specialty 29,small
699,Jehanna,Krois,Giles,F,bachelor,1966-9-24,specialty 32,normal
700,Bobine,Olma,Dennis,M,primary,1976-6-16,specialty 14,high
701,Ingeborg,Cunningan,Armin,M,phd,1996-2-7,specialty 48,high
702,Tiphani,Alderink,Emory,F,primary,1970-1-21,specialty 12,high
703,Shelbi,Roaf,Peirce,M,master,1971-11-25,specialty 20,small
704,Maggy,Orabone,Enos,M,phd,1985-7-15,specialty 50,normal
705,Ertha,Oesterreich,Aloin,F,phd,1969-8-15,specialty 29,small
706,Saundra,Neymeyer,Torin,M,bachelor,1993-11-15,specialty 15,normal
707,Hephzibah,Supino,Markus,F,primary,1998-6-14,specialty 7,normal
708,Shae,Trang,Yorke,M,phd,1999-4-6,specialty 42,small
709,Karleen,Ferrio,Alec,F,master,1974-8-3,specialty 38,high
710,Allx,Masiello,Garvy,M,master,1974-10-4,specialty 38,high
711,Abbe,Atha,Matthew,F,phd,1970-1-11,specialty 24,high
712,Genovera,Underdue,Giselbert,F,bachelor,1980-5-1,specialty 37,small
713,Dasie,Checa,Delmor,M,master,2004-5-28,specialty 50,small
714,Elisabet,Cuttino,Shea,F,primary,1994-3-18,specialty 23,normal
715,Janel,Stagnitta,Blair,F,primary,2000-8-7,specialty 3,normal
716,Dyane,Hamiter,Trstram,F,phd,1991-10-25,specialty 25,high
717,Harrietta,Arnet,Vasilis,M,bachelor,1965-10-24,specialty 47,high
718,Stefania,Guity,Dore,F,phd,1991-6-15,specialty 40,normal
719,Clara,Mcchriston,Filippo,M,primary,2000-12-12,specialty 26,high
720,Desiri,Walko,Marten,F,bachelor,1976-9-13,specialty 17,small
721,Ronni,Fillerup,Rem,M,phd,1992-8-23,specialty 42,small
722,Yasmin,Taps,Kareem,F,master,1967-2-10,specialty 35,high
723,Emmalee,Heep,Stephanus,M,primary,2000-4-11,specialty 12,normal
724,Phyllida,Troyan,Bradney,M,master,1995-6-11,specialty 41,small
725,Walliw,Walton,Mile,F,primary,2002-1-15,specialty 11,high
726,Jewell,Lichtenwalter,Symon,M,bachelor,1968-7-8,specialty 41,normal
727,Tyne,Luca,Calhoun,F,primary,1980-5-8,specialty 45,high
728,Donielle,Troller,Zachery,M,primary,2002-3-4,specialty 1,normal
729,Minni,Loud,Turner,F,phd,1997-10-23,specialty 50,normal
730,Maegan,Blough,Allan,M,phd,1982-10-3,specialty 47,small
731,Bonita,Gore,Hillier,F,master,2000-10-27,specialty 42,small
732,Mersey,Mclouth,Arthur,F,bachelor,1996-4-19,specialty 50,small
733,Leta,Romash,Devy,F,phd,1967-2-3,specialty 26,normal
734,Wanda,Drone,Caspar,F,phd,1978-5-9,specialty 38,small
735,Charis,Honeyestewa,Tully,M,master,1990-2-6,specialty 39,small
736,Elbertine,Segroves,Goran,F,phd,1997-6-13,specialty 24,normal
737,Simona,Macgowan,Damien,F,phd,1976-5-13,specialty 39,normal
738,Eve,Zumwalt,Neils,M,primary,1990-5-14,specialty 1,normal
739,Stefanie,Hunderlach,Baron,M,primary,1996-8-2,specialty 36,small
740,Abigale,Vardy,Waylen,F,primary,1965-3-2,specialty 16,high
741,Jinny,Seaward,Bendick,F,bachelor,1990-11-3,specialty 13,high
742,Arlene,Ciampi,Brendin,M,phd,1986-11-14,specialty 25,high
743,Letisha,Amat,Nye,M,bachelor,1975-1-18,specialty 16,high
744,Brandice,Picketts,Randy,M,master,2004-8-13,specialty 46,small
745,Janka,Orlof,Karel,M,master,1990-8-28,specialty 15,small
746,Starr,Kodadek,Mitchel,M,primary,1973-2-5,specialty 36,small
747,Karole,Bassford,Inness,F,bachelor,1966-5-14,specialty 21,small
748,Dredi,Bristol,Ron,M,bachelor,1970-2-6,specialty 42,small
749,Shayna,Zenger,Keelby,M,primary,1970-3-7,specialty 38,high
750,Loralyn,Amoros,Boony,M,phd,2000-9-20,specialty 30,high
751,Roxi,Brimage,Evelin,M,phd,2000-12-26,specialty 36,high
752,Sallie,Reaney,Reade,M,bachelor,1970-7-25,specialty 30,high
753,Jodi,Chough,Hersch,M,primary,2004-8-17,specialty 42,normal
754,Sharai,Kreiter,Gaylor,M,primary,2002-1-4,specialty 49,normal
755,Willy,Twillie,Martyn,F,bachelor,1986-3-16,specialty 1,normal
756,Loutitia,Bapties,Keefe,F,primary,1989-3-13,specialty 46,normal
757,Friederike,Sulima,Damian,F,bachelor,2004-7-27,specialty 14,small
758,Kimmie,Gucciardo,Joel,F,phd,2000-7-4,specialty 47,small
759,Kial,Frankford,Marcel,M,bachelor,2002-5-17,specialty 30,normal
760,Bettina,Catozzi,Paquito,F,phd,1991-5-28,specialty 8,normal
761,Kirsti,Claffey,Way,M,primary,1976-8-13,specialty 3,high
762,Oona,Mullee,Ogdan,F,master,1973-4-19,specialty 48,normal
763,Romona,Granstaff,Carolus,F,primary,1995-11-10,specialty 24,normal
764,Hyacinthe,Denaro,Heinrick,F,phd,2002-9-21,specialty 30,normal
765,Vinni,Rutiaga,Derron,M,phd,1990-10-22,specialty 10,small
766,Andy,Therriault,Kleon,F,bachelor,1968-10-20,specialty 5,small
767,Willamina,Freas,Armstrong,M,primary,1987-12-7,specialty 49,small
768,Emmalynn,Arnstein,Cully,F,primary,2003-10-9,specialty 44,high
769,Stace,Muckley,Kahlil,M,master,1982-8-11,specialty 41,normal
770,Mariele,Molinari,Wernher,F,primary,1989-7-11,specialty 9,high
771,Gayleen,Znidarsic,Tedmund,F,primary,1977-9-20,specialty 3,small
772,Ricca,Samaha,Pascale,M,phd,1972-4-11,specialty 15,normal
773,Lethia,Funderbunk,Judah,M,primary,1978-11-22,specialty 15,high
774,Marcille,Harlor,Durant,M,primary,1975-9-24,specialty 7,high
775,Ninnette,Ryley,Andre,F,master,1991-8-5,specialty 6,normal
776,Idaline,Nichois,Vincenz,M,phd,1976-2-4,specialty 31,high
777,Kelila,Dalaq,Urban,F,bachelor,2004-1-14,specialty 23,high
778,Ellette,Wait,Orrin,M,bachelor,1971-7-7,specialty 4,small
779,Merralee,Youngkin,Cobb,M,bachelor,1973-6-13,specialty 49,small
780,Juditha,Gressett,Winfield,M,primary,1994-6-4,specialty 38,small
781,Joelly,Worden,Tom,F,primary,1972-2-15,specialty 48,high
782,Kristan,Ramsden,Nikolai,F,phd,1975-8-6,specialty 27,normal
783,Janey,Monckton,Llywellyn,F,bachelor,1975-4-4,specialty 21,high
784,Kyle,Poirot,Ewan,M,bachelor,1982-7-2,specialty 33,small
785,Suki,Vangompel,Ewan,M,master,1989-12-15,specialty 46,small
786,Bibi,Biscahall,Linc,M,primary,1996-7-13,specialty 3,normal
787,Ulrike,Vatch,Jozef,F,primary,1966-6-23,specialty 22,small
788,Shanda,Cathcart,Nickolaus,M,master,1979-12-10,specialty 32,high
789,Grata,Ronnie,Jethro,M,master,1978-3-27,specialty 37,high
790,Ninette,Norg,Johnathon,M,phd,1999-9-27,specialty 29,small
791,Milly,Scollard,Chauncey,F,master,1996-11-24,specialty 42,high
792,Sapphire,Ada,Shepperd,M,phd,1979-6-28,specialty 16,small
793,Daryl,Duble,Lenci,M,phd,1985-9-27,specialty 48,normal
794,Claudina,Smiht,Denys,M,bachelor,1989-8-21,specialty 22,normal
795,Franciska,Sesley,Sherm,M,bachelor,1976-3-10,specialty 32,normal
796,Gay,Fowle,Nial,M,phd,1977-12-23,specialty 18,small
797,Prisca,Hazlegrove,Jacques,F,master,1981-11-23,specialty 37,high
798,Lettie,Bironas,Hernando,M,primary,1988-2-18,specialty 50,high
799,Christabella,Harton,Arnuad,M,primary,1994-6-14,specialty 9,high
800,Nananne,Mcvaigh,Merrick,F,master,1985-1-8,specialty 46,small
801,Ursuline,Kekua,Michael,M,bachelor,1990-8-15,specialty 25,high
802,Tatiana,Personius,Massimiliano,M,primary,1993-6-16,specialty 32,normal
803,Dania,Codispoti,Rowan,M,phd,1984-8-18,specialty 31,normal
804,Eleonore,Havenhill,Scot,M,primary,1985-1-3,specialty 7,high
805,Tamarra,Gaughran,Auberon,M,phd,1981-5-12,specialty 19,high
806,Margarete,Culp,Gideon,M,phd,1994-10-7,specialty 14,high
807,Berrie,Iezzi,Francois,M,phd,1978-6-13,specialty 43,high
808,Corene,Maestri,Kingston,F,phd,1973-8-8,specialty 3,high
809,Aline,Massar,Heriberto,F,master,1989-9-24,specialty 4,small
810,Regine,Garufi,Cullie,M,master,1981-8-18,specialty 19,high
811,Letty,Lemelin,Tam,F,phd,1967-10-23,specialty 15,high
812,Cherice,Vanvorst,Harald,F,master,2000-6-18,specialty 21,small
813,Myranda,Mcghinnis,Linus,F,primary,1966-8-21,specialty 7,small
814,Amelia,Demma,Cecil,F,phd,2000-10-8,specialty 48,normal
815,Faunie,Koma,Gerome,M,master,1965-3-8,specialty 47,high
816,Yevette,Hewatt,Jayme,M,bachelor,1974-4-7,specialty 13,normal
817,Rodie,Fruits,Quintus,M,master,2003-5-7,specialty 46,high
818,Amata,Sidwell,Artemus,M,bachelor,1991-8-21,specialty 18,small
819,Brook,Mccullon,Garrot,M,master,1988-5-28,specialty 10,high
820,Felicdad,Beath,Sheffy,M,phd,1987-12-15,specialty 41,high
821,Jeannette,Matley,Richy,F,master,1985-12-8,specialty 30,small
822,Casey,Eckman,Ronny,M,primary,1990-2-15,specialty 50,small
823,Danella,Conda,Peirce,F,primary,1999-1-22,specialty 27,normal
824,Jacquelin,Peszynski,Chester,M,bachelor,1967-9-27,specialty 44,high
825,Vallie,Burka,Quincy,M,bachelor,1996-11-6,specialty 50,high
826,Florentia,Zientara,Hiram,F,primary,1987-1-2,specialty 33,high
827,Carol-Jean,Biedermann,Constantino,F,master,1984-11-4,specialty 20,high
828,Nanci,Alsaqri,Roman,M,master,1986-10-11,specialty 3,normal
829,Brandice,Mcclenty,Dex,M,bachelor,1978-3-22,specialty 20,normal
830,Lyndsie,Hardell,Arron,M,phd,1997-11-2,specialty 45,high
831,Yasmin,Warpool,Paten,F,master,1983-6-20,specialty 19,high
832,Cindie,Baroldy,Gonzales,M,primary,1979-6-9,specialty 47,small
833,Shandy,Viesselman,Artie,M,bachelor,2003-10-5,specialty 38,high
834,Vivien,Nollman,Den,F,bachelor,1970-1-15,specialty 31,small
835,Pammi,Vallerand,Teodoor,F,primary,1976-4-14,specialty 49,normal
836,Sherri,Lietzke,Clarence,M,primary,1996-2-5,specialty 3,high
837,Ardine,Buchtel,Gunther,M,phd,1995-1-5,specialty 28,normal
838,Amalita,Points,Cosme,F,phd,1993-2-10,specialty 5,normal
839,Griselda,Shenk,Cos,F,bachelor,1983-11-7,specialty 30,small
840,Hermina,Poullard,Russ,F,phd,1988-6-1,specialty 9,high
841,Deeann,Dwan,Ancell,M,phd,1999-4-12,specialty 42,small
842,Maude,Ke,Angelo,F,master,1990-8-1,specialty 42,small
843,Kristel,Innis,Armand,F,bachelor,1989-5-12,specialty 47,normal
844,Sidoney,Montesa,Ailbert,F,master,1976-12-12,specialty 29,small
845,Claudia,Skok,Shanan,F,phd,1965-9-18,specialty 48,small
846,Berri,Vallecillo,Mahmoud,M,phd,2000-5-2,specialty 19,high
847,Kristen,Shintani,Salvidor,M,primary,1973-12-27,specialty 41,small
848,Paige,Mccaig,Colin,F,master,1993-9-25,specialty 44,small
849,Dennie,Edelbrock,Yves,F,master,2000-9-14,specialty 47,small
850,Galina,Hinners,Faber,M,bachelor,1969-6-12,specialty 50,small
851,Kyla,Ardon,Penrod,M,bachelor,1981-10-21,specialty 12,normal
852,Marie-Jeanne,Eskeets,Hiram,F,primary,1965-11-16,specialty 37,high
853,Karon,Wieczorek,Rinaldo,F,master,2002-4-13,specialty 37,small
854,Auberta,Huddleson,Alonzo,M,primary,1990-7-26,specialty 34,normal
855,Danya,Bourquin,Thatch,F,primary,1978-7-12,specialty 7,small
856,Pearle,Stumfoll,Conn,M,bachelor,1978-3-4,specialty 45,small
857,Eleonore,Luber,Neale,M,primary,1976-7-14,specialty 1,normal
858,Paula,Paek,August,F,primary,1990-6-28,specialty 29,normal
859,Venus,Leupold,Wang,M,bachelor,1974-8-22,specialty 39,small
860,Cecily,Dittmer,Jorgan,F,primary,1982-11-18,specialty 44,high
861,Madelyn,Dimariano,Valentijn,F,phd,1972-10-16,specialty 26,small
862,Dianne,Bohs,Edmund,M,master,1969-8-7,specialty 37,normal
863,Merla,Tomasek,Francklin,F,phd,1979-1-10,specialty 6,high
864,Annora,Click,Berkley,F,primary,1971-4-13,specialty 43,high
865,Kerianne,Presume,Zerk,M,master,1998-10-7,specialty 40,normal
866,Andy,Sheeder,Yale,M,phd,1988-3-11,specialty 23,small
867,Brenna,Auguste,Chariot,M,bachelor,1968-10-16,specialty 35,small
868,Calypso,Chenoweth,Drew,M,bachelor,2004-10-12,specialty 3,normal
869,Tate,Lepper,Nathanial,F,master,2001-8-3,specialty 29,normal
870,Caresse,Shuffield,Pennie,F,phd,1986-5-15,specialty 26,normal
871,Evangelina,Fini,Codie,M,bachelor,1994-11-22,specialty 9,normal
872,Talia,Yeddo,Kale,M,master,1991-4-12,specialty 34,high
873,Harriet,Gerberich,Franciskus,F,primary,2001-9-12,specialty 47,small
874,Kirstin,Haggart,Milo,M,phd,1997-5-3,specialty 19,high
875,Rodina,Protain,Alonso,F,bachelor,1989-7-9,specialty 5,high
876,Lani,Delagarza,Karlis,F,primary,1992-10-9,specialty 21,normal
877,Madge,Lamunyon,Chauncey,M,bachelor,1982-8-26,specialty 3,normal
878,Gisele,Ferrie,Kean,F,phd,1988-10-16,specialty 39,small
879,Lorraine,Biscardi,Leslie,F,master,2001-8-19,specialty 20,small
880,Ariana,Delaine,Ernst,F,master,1991-5-7,specialty 43,high
881,Isahella,Chevrier,Ichabod,M,bachelor,1965-7-1,specialty 4,high
882,Daniela,Cebula,Kennan,M,phd,1968-7-12,specialty 21,high
883,Wynny,Buissereth,Hershel,F,primary,1969-5-11,specialty 45,normal
884,Nollie,Scheer,Gearard,F,master,1996-6-20,specialty 41,high
885,Idelle,Swirczek,Donalt,M,primary,1997-8-20,specialty 6,small
886,Goldi,Ellwanger,Jamal,F,master,2004-9-4,specialty 31,small
887,Maggy,Shrock,Ange,F,bachelor,1994-11-12,specialty 35,normal
888,Viviene,Haifa,Danny,F,bachelor,1983-10-18,specialty 3,small
889,Carola,Sibilia,Mychal,M,bachelor,1984-2-8,specialty 40,normal
890,Darcey,Deluca,Norbert,M,bachelor,1981-7-6,specialty 34,high
891,Madelyn,Bias,Stavro,F,primary,1979-6-24,specialty 8,normal
892,Allene,Leichtenberge,Alexandros,M,bachelor,1991-5-27,specialty 5,small
893,Terrijo,Brazee,Kaiser,M,phd,1999-7-9,specialty 39,high
894,Ryann,Finkler,Fred,M,master,1980-10-21,specialty 41,normal
895,Diana,Strohmayer,Budd,M,master,1992-1-7,specialty 48,small
896,Ellissa,Schiaffino,Yves,F,phd,2002-11-12,specialty 48,high
897,Pietra,Mccargo,Corby,F,master,1996-9-25,specialty 48,normal
898,Irita,Mcmina,Manolo,M,master,1979-4-21,specialty 13,small
899,Brittaney,Youkhana,Lothario,M,phd,1972-3-17,specialty 22,small
900,Romona,Clipp,Wang,F,bachelor,1968-3-25,specialty 9,normal
901,Shel,Redican,Kort,F,master,1989-6-22,specialty 33,normal
902,Ardith,Longendyke,Frederik,F,bachelor,1973-10-4,specialty 10,high
903,Coriss,Baseler,Scot,F,primary,1987-10-19,specialty 24,normal
904,Virginie,Pingree,Artair,M,primary,1991-3-7,specialty 34,small
905,Kimberlee,Rogriguez,Isaac,F,master,1970-12-21,specialty 3,normal
906,Ethelin,Axon,Marlo,F,master,1978-3-10,specialty 38,normal
907,Mariette,Grosser,Hadrian,M,bachelor,1984-9-24,specialty 32,small
908,Brynna,Tuch,Panchito,M,master,1966-9-12,specialty 27,high
909,Ivory,Corwell,Elvin,F,phd,2002-9-6,specialty 35,high
910,Britney,Benson,Garwood,F,bachelor,2000-9-17,specialty 17,normal
911,Jolyn,Theuret,Lawrence,F,primary,2002-8-19,specialty 21,small
912,Amye,Uhler,Tynan,M,master,1985-3-17,specialty 24,high
913,Iolanthe,Stabley,Carmine,M,master,1972-7-9,specialty 13,normal
914,Katalin,Miriello,Carroll,M,master,1998-3-13,specialty 24,small
915,Stephenie,Brangan,Clement,F,master,1970-9-14,specialty 33,normal
916,Eada,Silbaugh,Nathanael,M,bachelor,1968-8-10,specialty 49,high
917,Kakalina,Hada,Brander,M,phd,2001-9-10,specialty 2,high
918,Roberta,Hemmert,Vernon,M,phd,1990-12-16,specialty 17,high
919,Minnaminnie,Arndt,Edik,F,primary,1980-9-25,specialty 21,high
920,Caril,Marmerchant,Bentlee,F,bachelor,1991-11-21,specialty 7,high
921,Charleen,Linberg,Lovell,F,phd,1978-11-14,specialty 5,small
922,Fayre,Lamere,Kendal,M,primary,1984-5-27,specialty 31,normal
923,Odille,Fabiani,Karel,F,primary,1997-11-13,specialty 18,small
924,Ulrike,Killick,Yves,M,master,2003-8-26,specialty 1,small
925,Lenee,Lavalais,Carroll,M,phd,1966-11-9,specialty 43,normal
926,Rosetta,Gloshen,Gerald,M,phd,1973-12-16,specialty 19,small
927,Barbie,Luing,Wallas,M,bachelor,1987-2-14,specialty 26,high
928,Ashia,Ponting,Milty,M,bachelor,1980-11-7,specialty 46,normal
929,Terry,Heilbrun,Ozzie,F,primary,1983-6-11,specialty 8,high
930,Calypso,Lalanne,Desmond,M,master,1985-10-21,specialty 44,high
931,Lara,Greaver,Scott,M,phd,1984-2-19,specialty 9,high
932,Danila,Malinski,Beau,M,phd,2000-11-1,specialty 37,normal
933,Tanitansy,Hechmer,Spense,F,master,1995-11-13,specialty 21,normal
934,Alta,Pfeifle,Farris,M,master,1996-7-5,specialty 12,high
935,Maia,Macafee,Dennis,F,phd,1971-10-8,specialty 17,high
936,Giulietta,Wenker,Frederic,M,bachelor,1993-7-24,specialty 20,small
937,Deedee,Juneau,Marven,F,master,1982-1-4,specialty 45,high
938,Arleen,Caver,Forrester,M,bachelor,1976-1-5,specialty 22,small
939,Blinnie,Cosen,Eddy,F,primary,2004-3-8,specialty 31,normal
940,Pamela,Harper,Antonio,F,master,1981-7-13,specialty 36,high
941,Isadora,Dager,Shurwood,M,phd,1985-2-23,specialty 19,high
942,Jo-Ann,Frye,Guy,M,master,2001-6-7,specialty 37,small
943,Nola,Leskovar,Friedrich,M,master,1987-9-14,specialty 12,small
944,Haley,Popichak,Keen,F,phd,1977-7-6,specialty 23,high
945,Drusy,Tonnesen,Taddeo,F,primary,1991-2-28,specialty 18,high
946,Mirelle,Refsell,Costa,F,primary,1981-7-18,specialty 2,small
947,Florie,Sobin,Merrill,M,phd,1998-10-24,specialty 4,high
948,Dianne,Malmberg,Elias,F,master,1978-3-28,specialty 48,high
949,Cilka,Generalao,Donaugh,F,bachelor,1970-3-18,specialty 26,normal
950,Marybeth,Imperial,Barny,F,bachelor,1995-1-25,specialty 9,high
951,Robinette,Akhavan,Nataniel,F,primary,1967-7-6,specialty 40,high
952,Hilde,Jupin,Farlee,M,phd,1978-4-24,specialty 47,small
953,Goldy,Ballweg,Way,M,master,1985-7-24,specialty 42,high
954,Rhoda,Visher,Hunter,M,primary,1969-7-21,specialty 48,normal
955,Zorine,Ellard,Sim,M,bachelor,1972-7-8,specialty 20,normal
956,Cassondra,Baynham,Cirilo,F,bachelor,1967-12-11,specialty 6,small
957,Denyse,Delenick,Tallie,F,phd,2003-1-4,specialty 5,small
958,Gelya,Guiden,Denis,F,bachelor,1990-4-22,specialty 13,high
959,Latia,Svare,Alexander,M,bachelor,1983-5-28,specialty 39,high
960,Noni,Rosenberg,Rodd,F,phd,1985-1-11,specialty 15,small
961,Bunni,Pocasangre,Edik,M,phd,1970-12-15,specialty 32,small
962,Estrella,Kozloski,Wolfie,M,phd,1992-4-24,specialty 5,small
963,Trisha,Rytuba,Olin,F,master,1986-8-1,specialty 44,normal
964,Lisetta,Caminos,Steward,F,phd,1975-11-26,specialty 27,high
965,Angelina,Sagaser,Aldis,M,bachelor,1982-2-4,specialty 9,small
966,Brynna,Salinas,Ambrosius,F,master,2001-1-20,specialty 46,small
967,Christian,Sausedo,Ramsay,M,bachelor,1965-11-22,specialty 30,normal
968,Alexandrina,Mehok,Ware,M,bachelor,1987-7-21,specialty 38,small
969,Virginia,Remak,Trenton,M,bachelor,1991-8-12,specialty 47,normal
970,Nerte,Naro,Pattin,F,bachelor,1981-4-21,specialty 34,normal
971,Bobbye,Schoenhut,Ingra,F,phd,1969-7-26,specialty 15,normal
972,Calli,Bockman,Mike,F,bachelor,2004-9-24,specialty 26,high
973,Berri,Reist,Dionisio,F,phd,1996-11-26,specialty 26,normal
974,Henriette,Wiesehan,Mac,F,master,1987-1-20,specialty 39,normal
975,Andreana,Offen,Arte,F,phd,1977-1-20,specialty 36,normal
976,Nari,Brazelton,Sheffie,M,master,1972-10-17,specialty 18,normal
977,Clareta,Stvictor,Shawn,F,primary,1988-7-25,specialty 11,normal
978,Heidi,Kuilan,Munmro,M,bachelor,1965-8-26,specialty 37,high
979,Irene,Spargo,Witty,F,phd,1972-3-8,specialty 34,high
980,Trude,Charvet,Towney,F,phd,1975-4-24,specialty 14,small
981,Mag,Hougas,Travis,F,primary,1988-1-16,specialty 12,small
982,Guinevere,Malovich,Jesse,M,phd,1977-1-20,specialty 28,normal
983,Nicolea,Gaffney,Vaughn,F,bachelor,1994-7-21,specialty 11,small
984,Ericha,Izatt,Kiley,M,bachelor,1987-11-24,specialty 30,small
985,Karylin,Delay,Ruy,F,phd,2004-2-26,specialty 47,small
986,Natala,Drennan,Pete,F,bachelor,1968-12-9,specialty 2,normal
987,Casie,Dobb,Morse,F,primary,1989-10-11,specialty 41,high
988,Addi,Vieux,Roley,F,phd,1980-2-26,specialty 43,small
989,Modesty,Escoe,Theodoric,M,bachelor,1967-12-14,specialty 33,small
990,Arden,Scappaticci,Tam,M,phd,1994-11-19,specialty 10,normal
991,Liv,Applewhaite,Elsworth,F,bachelor,1985-5-17,specialty 13,small
992,Lynsey,Mulverhill,Koenraad,M,bachelor,1987-8-25,specialty 5,small
993,Stefa,Mailman,Monroe,M,primary,1977-2-3,specialty 38,normal
994,Sandi,Proenza,Scotty,M,master,1978-6-11,specialty 48,normal
995,Sherline,Springston,Peterus,M,master,1996-7-6,specialty 27,normal
996,Benedicta,Moltrie,Normy,F,primary,1992-9-22,specialty 47,high
997,Hollyanne,Opara,Donovan,M,bachelor,1988-2-13,specialty 6,small
998,Bren,Saysithideth,Jarid,F,bachelor,1988-6-15,specialty 16,high
999,Kiah,Derry,Marcus,F,bachelor,1987-12-27,specialty 13,normal
1000,Pearla,Villaluz,Jamal,M,bachelor,1967-6-14,specialty 22,high
1001,Tobe,Hjermstad,Hillel,M,master,1992-2-15,specialty 33,small
1002,Klarrisa,Provencher,Rene,M,master,1997-2-25,specialty 47,small
1003,Lucretia,Marero,Brook,M,master,1983-7-28,specialty 24,high
1004,Frieda,Fender,Reed,M,bachelor,1989-2-14,specialty 38,small
1005,Agnesse,Craker,Portie,M,master,1978-6-9,specialty 12,small
1006,Romona,Levanger,Rab,M,bachelor,1981-5-7,specialty 37,normal
1007,Nessie,Harnist,Marv,M,bachelor,1988-3-14,specialty 50,high
1008,April,Grisom,Wilden,M,master,1991-4-9,specialty 27,high
1009,Josepha,Brabham,Kellby,F,phd,1977-10-26,specialty 44,high
1010,Jennilee,Tobler,Gasper,M,phd,1971-1-27,specialty 37,high
1011,Cathleen,Squeo,Roderic,M,bachelor,1991-10-24,specialty 45,high
1012,Camel,Silverthorn,Marion,F,phd,1977-9-5,specialty 30,normal
1013,Deirdre,Broenneke,Jared,F,phd,1993-11-24,specialty 28,high
1014,Vyky,Mangina,Abel,M,phd,1978-3-14,specialty 27,high
1015,Rae,Galathe,Sigismond,M,bachelor,1965-7-6,specialty 18,normal
1016,Perry,Tatevosian,Lock,F,primary,2003-4-18,specialty 2,small
1017,Delora,Zavcedo,Reed,F,master,1986-5-7,specialty 19,high
1018,Jacinthe,Heusinkveld,Aleksandr,M,master,1990-1-10,specialty 41,high
1019,Luciana,Kossin,Conant,F,master,1995-1-21,specialty 40,high
1020,Helga,Newcom,Anthony,M,phd,2004-2-10,specialty 49,high
1021,Doralynn,Morioka,Rufe,F,phd,1999-1-21,specialty 6,high
1022,Netta,Val,Husein,M,master,1993-6-2,specialty 8,high
